{
  "program": {
    "operations": [
      {
        "op_type": "sphere",
        "enabled": true,
        "params": {
          "center": [
            0.943168716264325,
            0.282225689390175,
            12.236839156160668
          ],
          "radius": 6.357773445558411
        }
      },
      {
        "op_type": "box",
        "enabled": true,
        "params": {
          "center": [
            0.21964035512087135,
            -0.0844752057517976,
            16.456215348747236
          ],
          "dimensions": [
            1.9845000000000002,
            0.7936979951934039,
            0.7936979951934047
          ]
        }
      },
      {
        "op_type": "box",
        "enabled": true,
        "params": {
          "center": [
            -1.603423926641445,
            -0.29471572873470037,
            12.33522356002426
          ],
          "dimensions": [
            3.4731510963209287,
            0.4261951647404952,
            0.7922968112525803
          ]
        }
      },
      {
        "op_type": "torus",
        "enabled": true,
        "params": {
          "center": [
            -1.0753370688859494,
            6.21771560561792,
            10.551952377098
          ],
          "major_r": 1.6131273589760409,
          "minor_r": 1.0068623013386644
        }
      }
    ],
    "n_ops": 4,
    "complexity": 4.5
  },
  "initial": {
    "elegance": 0.865,
    "accuracy": 0.8628,
    "cad_score": 0.523,
    "n_ops": 1,
    "program": "1 ops: sphere"
  },
  "final": {
    "elegance": 0.8452,
    "accuracy": 0.9091,
    "cad_score": 0.3675,
    "n_ops": 4,
    "program_summary": "4 ops: sphere \u2192 box \u2192 box \u2192 torus"
  },
  "feature_fidelity": 0.806,
  "converged": true,
  "total_sweeps": 4,
  "elapsed_sec": 28.1
}