{
  "program": {
    "operations": [
      {
        "op_type": "cylinder",
        "enabled": true,
        "params": {
          "center": [
            0.4896077353871596,
            0.08603072082926659,
            10.616130847440537
          ],
          "axis": [
            -0.4280531624888399,
            -0.165629587794574,
            0.8364504655403147
          ],
          "radius": 1.7306537405644344,
          "height": 10.40811923244774
        }
      },
      {
        "op_type": "cylinder",
        "enabled": true,
        "params": {
          "center": [
            -1.21978316099629,
            2.0826812939347263,
            12.233420282034887
          ],
          "axis": [
            -0.0627478619442051,
            1.4568834688495913,
            -0.2367713107563619
          ],
          "radius": 1.1964011786055604,
          "height": 7.830994235568916
        }
      },
      {
        "op_type": "torus",
        "enabled": true,
        "params": {
          "center": [
            -0.029015736124949603,
            -0.017629802862754656,
            0.28350000000000003
          ],
          "major_r": 0.2952224859001502,
          "minor_r": 0.28630707146793444
        }
      }
    ],
    "n_ops": 3,
    "complexity": 3.5
  },
  "initial": {
    "elegance": 0.8675,
    "accuracy": 0.5875,
    "cad_score": 0.5291,
    "n_ops": 1,
    "program": "1 ops: cylinder"
  },
  "final": {
    "elegance": 0.8464,
    "accuracy": 0.7946,
    "cad_score": 0.3743,
    "n_ops": 3,
    "program_summary": "3 ops: cylinder \u2192 cylinder \u2192 torus"
  },
  "converged": true,
  "total_sweeps": 4,
  "elapsed_sec": 10.6
}