{
  "program": {
    "operations": [
      {
        "op_type": "cylinder",
        "enabled": true,
        "params": {
          "center": [
            0.3423830317392725,
            0.1365566997289946,
            9.651028043127761
          ],
          "axis": [
            -0.3891392386262181,
            -0.11582488656963219,
            0.9293894061559052
          ],
          "radius": 1.82174077954151,
          "height": 13.010149040559675
        }
      },
      {
        "op_type": "cylinder",
        "enabled": true,
        "params": {
          "center": [
            -1.489356728933199,
            1.8933466308497513,
            11.12129116548626
          ],
          "axis": [
            -0.043879623737206365,
            1.0187996285661478,
            -0.37582747739105066
          ],
          "radius": 1.329334642895067,
          "height": 6.525828529640764
        }
      }
    ],
    "n_ops": 2,
    "complexity": 2.0
  },
  "initial": {
    "elegance": 0.9062,
    "accuracy": 0.7808,
    "cad_score": 0.5291,
    "n_ops": 1,
    "program": "1 ops: cylinder"
  },
  "final": {
    "elegance": 0.8832,
    "accuracy": 0.8364,
    "cad_score": 0.4304,
    "n_ops": 2,
    "program_summary": "2 ops: cylinder \u2192 cylinder"
  },
  "converged": true,
  "total_sweeps": 4,
  "elapsed_sec": 3.8
}