{
  "program": {
    "operations": [
      {
        "op_type": "sphere",
        "enabled": true,
        "params": {
          "center": [
            0.03492775719042593,
            -0.17315070043730316,
            5.83415220366497
          ],
          "radius": 2.372763509082587
        }
      },
      {
        "op_type": "box",
        "enabled": true,
        "params": {
          "center": [
            -0.7940589525195293,
            0.30144773921470064,
            5.58805345446918
          ],
          "dimensions": [
            1.1156822742820887,
            0.10150214973278408,
            0.11138992094653075
          ]
        }
      },
      {
        "op_type": "cylinder",
        "enabled": true,
        "params": {
          "center": [
            -0.08063426365542858,
            -2.1195777579065416,
            8.653136273577934
          ],
          "axis": [
            -0.568707682646495,
            0.13582795948581494,
            -0.6000745644499839
          ],
          "radius": 0.33210880273127696,
          "height": 1.3954627329736473
        }
      }
    ],
    "n_ops": 3,
    "complexity": 3.0
  },
  "initial": {
    "elegance": 0.8735,
    "accuracy": 0.8337,
    "cad_score": 0.523,
    "n_ops": 1,
    "program": "1 ops: sphere"
  },
  "final": {
    "elegance": 0.8486,
    "accuracy": 0.8766,
    "cad_score": 0.3614,
    "n_ops": 3,
    "program_summary": "3 ops: sphere \u2192 box \u2192 cylinder"
  },
  "feature_fidelity": 0.7447,
  "converged": true,
  "total_sweeps": 4,
  "elapsed_sec": 16.7
}