{
  "program": {
    "operations": [
      {
        "op_type": "sphere",
        "enabled": true,
        "params": {
          "center": [
            0.04994669278230908,
            -0.2476055016253435,
            5.83415220366497
          ],
          "radius": 2.254125333628458
        }
      },
      {
        "op_type": "box",
        "enabled": true,
        "params": {
          "center": [
            0.1328511156155681,
            -2.4212781948706428,
            8.809725868129828
          ],
          "dimensions": [
            0.4864133304310043,
            0.6542426716143211,
            0.17681126786226853
          ]
        }
      },
      {
        "op_type": "cylinder",
        "enabled": true,
        "params": {
          "center": [
            -0.38498015122257623,
            -0.2588778461411649,
            6.145846089674293
          ],
          "axis": [
            -0.2850834397387905,
            -0.4852595389462638,
            0.7234925389686134
          ],
          "radius": 0.3382270746091459,
          "height": 3.101966647774121
        }
      }
    ],
    "n_ops": 3,
    "complexity": 3.0
  },
  "initial": {
    "elegance": 0.9082,
    "accuracy": 0.8337,
    "cad_score": 0.523,
    "n_ops": 1,
    "program": "1 ops: sphere"
  },
  "final": {
    "elegance": 0.8631,
    "accuracy": 0.8893,
    "cad_score": 0.3797,
    "n_ops": 3,
    "program_summary": "3 ops: sphere \u2192 box \u2192 cylinder"
  },
  "converged": true,
  "total_sweeps": 4,
  "elapsed_sec": 7.5
}