{
  "program": {
    "operations": [
      {
        "op_type": "sphere",
        "enabled": true,
        "params": {
          "center": [
            -0.030566818615340226,
            -0.23332802925381277,
            7.375022209740194
          ],
          "radius": 2.7961924641161406
        }
      },
      {
        "op_type": "cylinder",
        "enabled": true,
        "params": {
          "center": [
            -0.15073813270843248,
            -4.441783754720846,
            10.642479477061638
          ],
          "axis": [
            -0.16924233591368582,
            -0.9540002989207588,
            0.23349890886770816
          ],
          "radius": 0.042093021472731806,
          "height": 2.435422598118043
        }
      },
      {
        "op_type": "cylinder",
        "enabled": true,
        "params": {
          "center": [
            -3.0312922442108268,
            1.1898791426386337,
            10.176883842972579
          ],
          "axis": [
            -0.6687617302989938,
            0.5533497588352947,
            0.4180168056574877
          ],
          "radius": 0.04264140899674361,
          "height": 1.7437614469934402
        }
      },
      {
        "op_type": "cylinder",
        "enabled": true,
        "params": {
          "center": [
            -1.5301323643442635,
            0.4494999057806871,
            8.88276440501384
          ],
          "axis": [
            -0.6906076196330081,
            0.20287660544288622,
            0.6993178689199622
          ],
          "radius": 0.1788773465146878,
          "height": 4.4312640661491205
        }
      }
    ],
    "n_ops": 4,
    "complexity": 4.0
  },
  "initial": {
    "elegance": 0.8608,
    "accuracy": 0.8266,
    "cad_score": 0.523,
    "n_ops": 1,
    "program": "1 ops: sphere"
  },
  "final": {
    "elegance": 0.7527,
    "accuracy": 0.9035,
    "cad_score": 0.3511,
    "n_ops": 4,
    "program_summary": "4 ops: sphere \u2192 cylinder \u2192 cylinder \u2192 cylinder"
  },
  "feature_fidelity": 0.7972,
  "converged": true,
  "total_sweeps": 4,
  "elapsed_sec": 10.6
}