{
  "program": {
    "operations": [
      {
        "op_type": "cylinder",
        "enabled": true,
        "params": {
          "center": [
            4.8246269023140193e-17,
            0.006182668734698969,
            0.7432868398940986
          ],
          "axis": [
            0.0,
            -0.01789879802319616,
            0.9998398036832323
          ],
          "radius": 0.14714389508221645,
          "height": 1.4734116074201307
        }
      },
      {
        "op_type": "cylinder",
        "enabled": true,
        "params": {
          "center": [
            0.6000000000000002,
            1.1564823173178713e-18,
            1.0094400000000001
          ],
          "axis": [
            -0.8944271909999161,
            -0.0,
            0.44721359549995754
          ],
          "radius": 0.04144,
          "height": 0.30428413037817154
        }
      }
    ],
    "n_ops": 2,
    "complexity": 2.0
  },
  "initial": {
    "elegance": 0.8773,
    "accuracy": 0.8712,
    "cad_score": 0.5277,
    "n_ops": 1,
    "program": "1 ops: cylinder"
  },
  "final": {
    "elegance": 0.8299,
    "accuracy": 0.9073,
    "cad_score": 0.3747,
    "n_ops": 2,
    "program_summary": "2 ops: cylinder \u2192 cylinder"
  },
  "feature_fidelity": 0.7288,
  "converged": true,
  "total_sweeps": 4,
  "elapsed_sec": 9.1
}