{
  "program": {
    "operations": [
      {
        "op_type": "cylinder",
        "enabled": true,
        "params": {
          "center": [
            4.8246269023140193e-17,
            0.006182668734698969,
            0.7432868398940986
          ],
          "axis": [
            0.0,
            -0.01789879802319616,
            0.9998398036832323
          ],
          "radius": 0.14714389508221645,
          "height": 1.4734116074201307
        }
      }
    ],
    "n_ops": 1,
    "complexity": 1.0
  },
  "initial": {
    "elegance": 0.9082,
    "accuracy": 0.8712,
    "cad_score": 0.5277,
    "n_ops": 1,
    "program": "1 ops: cylinder"
  },
  "final": {
    "elegance": 0.9082,
    "accuracy": 0.8712,
    "cad_score": 0.5277,
    "n_ops": 1,
    "program_summary": "1 ops: cylinder"
  },
  "converged": true,
  "total_sweeps": 3,
  "elapsed_sec": 0.9
}