{
  "program": {
    "operations": [
      {
        "op_type": "sphere",
        "enabled": true,
        "params": {
          "center": [
            -0.0084098778261653,
            -0.7543999077364172,
            10.314511996286509
          ],
          "radius": 4.530058626110573
        }
      },
      {
        "op_type": "cylinder",
        "enabled": true,
        "params": {
          "center": [
            0.9088121861561413,
            -3.561592643004033,
            11.978986406079326
          ],
          "axis": [
            -0.33531178534801037,
            0.5400465583730016,
            -0.17715340762683532
          ],
          "radius": 0.8408559785681793,
          "height": 8.194569428521419
        }
      },
      {
        "op_type": "cylinder",
        "enabled": true,
        "params": {
          "center": [
            2.8064564664607863,
            0.09674507561905278,
            6.162727087578144
          ],
          "axis": [
            -0.9830743526649776,
            -0.10118413255218558,
            -0.446188115006447
          ],
          "radius": 1.2230435547989043,
          "height": 7.306840288475174
        }
      }
    ],
    "n_ops": 3,
    "complexity": 3.0
  },
  "initial": {
    "elegance": 0.8712,
    "accuracy": 0.8484,
    "cad_score": 0.523,
    "n_ops": 1,
    "program": "1 ops: sphere"
  },
  "final": {
    "elegance": 0.8605,
    "accuracy": 0.8998,
    "cad_score": 0.4209,
    "n_ops": 3,
    "program_summary": "3 ops: sphere \u2192 cylinder \u2192 cylinder"
  },
  "feature_fidelity": 0.7334,
  "converged": true,
  "total_sweeps": 5,
  "elapsed_sec": 36.0
}